layer,obs_var,var_lower,var_upper,obs_kurt,kurt_lower,kurt_upper,total_samples
2,18678.61009540066,17925.34949327396,19433.839920682814,4.316036542628275,3.3285693951887847,5.570901296543304,27208.0
5,447.84721494528634,435.17314454079656,461.18007561278586,10.530339652417291,7.910442585756329,15.634832664396162,1149538.0
8,5.003841156583901,4.773429341133942,5.2828091745243695,36.42039154944765,18.190298814384494,72.27348206408186,68020000.0
