layer,obs_var,var_lower,var_upper,obs_kurt,kurt_lower,kurt_upper,total_samples
2,18678.61009540066,17925.34949327396,19433.839920682814,4.316036542628275,3.3285693951887847,5.570901296543304,27208.0
3,5005.06364996813,4855.345892857565,5164.867474507809,11.797886323503205,9.016241312939473,15.503375903219428,108832.0
4,1581.1780099701493,1539.7633462153478,1624.8894992418084,9.157593274899822,7.825553425886301,11.009175842574233,333298.0
5,447.84721494528634,434.9001941108953,461.18021922811465,10.530339652417291,7.874719038458276,15.367771903373125,1149538.0
6,107.28197424784659,104.23548071146385,110.53938179480099,10.589933367133085,8.58012451697091,13.699225293153468,4251250.0
7,23.563499987013888,22.73608864999861,24.460991007132098,18.387577851883975,12.265734534515788,28.8834907203368,17005000.0
8,5.003841156583901,4.770064289162421,5.274487090136043,36.42039154944765,18.013360054733248,70.86783047983971,68020000.0
9,0.9259197770065432,0.862682583656784,1.0199213130806046,103.43257167463027,23.342926892129924,240.6208456671804,272080000.0
