layer,obs_var,var_lower,var_upper,obs_kurt,kurt_lower,kurt_upper,total_samples,initial_r,initial_eta,kstest_stat_initial,kstest_stat_cutoff_0.05,kstest_stat_eta0,best_r_eta0
2,18678.61009540066,17925.34949327396,19433.83992068281,4.316036542628275,3.3285693951887847,5.570901296543304,27208.0,0.21,0.0,0.0209023041009651,0.0082273201196278,0.0209023041009651,0.21
3,5005.06364996813,4855.345892857565,5164.867474507809,11.797886323503205,9.016241312939473,15.503375903219428,108832.0,0.09,-1.3,0.1324399999999999,0.0041152012481055,0.13244368354341712,0.29
4,1581.178009970149,1539.7633462153478,1624.8894992418084,9.157593274899822,7.825553425886301,11.009175842574232,333298.0,0.18,-0.9,0.0770699999999999,0.0023519198649528,0.08682590327002843,0.3
5,447.8472149452864,434.9001941108953,461.18021922811465,10.530339652417291,7.874719038458276,15.367771903373123,1149538.0,0.17,-1.1,0.0421565516876523,0.0012665428950382,0.0739393254382319,0.34
6,107.2819742478466,104.23548071146384,110.539381794801,10.589933367133083,8.58012451697091,13.699225293153468,4251250.0,0.22,-1.0,0.0236604536101603,0.000658638529926,0.05817873269986057,0.41
7,23.563499987013888,22.73608864999861,24.460991007132098,18.38757785188397,12.265734534515788,28.8834907203368,17005000.0,0.28,-1.0,0.0185749443494304,0.000329329071013,0.06456221237571025,0.6
8,5.003841156583901,4.770064289162421,5.274487090136043,36.42039154944765,18.013360054733248,70.86783047983971,68020000.0,0.43,-1.0,0.0124702158003652,0.0001646669863926,0.06500230643541605,1.57
9,0.9259197770065432,0.862682583656784,1.0199213130806046,103.43257167463028,23.342926892129924,240.6208456671804,272080000.0,1.23,-1.0,0.016603462174967,8.233410583957582e-05,0.12187676672054204,6.1
