layer,obs_var,var_lower,var_upper,obs_kurt,kurt_lower,kurt_upper,total_samples,initial_r,initial_eta,kstest_stat_initial,kstest_stat_cutoff_0.05,kstest_stat_eta0,best_r_eta0,best_r,best_eta,kstest_stat_best,iter1_r,iter1_eta,kstest_stat_iter1,n_pval_0.05
2,18678.61009540066,17966.073885968824,19422.0809094604,4.316036542628275,3.3173898683697214,5.573077285799902,27208.0,0.21,0.0,0.0209023041009651,0.0082273201196278,0.0209023041009651,0.21,0.205,-0.1,0.01950552569645858,0.205,-0.1,0.01950552569645858,5101
3,5005.06364996813,4855.965345748273,5158.679695823394,11.797886323503205,9.04423708210281,15.566046551977903,108832.0,0.09,-1.3,0.1324399999999999,0.0041152012481055,0.1324436835434171,0.29,0.086,-1.37,0.13243999999999984,0.086,-1.37,0.13243999999999984,106
4,1581.178009970149,1537.6271808260765,1624.3946540411584,9.157593274899822,7.79471084423734,11.019768892401329,333298.0,0.18,-0.9,0.0770699999999999,0.0023519198649528,0.0868259032700284,0.3,0.171,-0.92,0.07706999999999992,0.171,-0.92,0.07706999999999992,306
5,447.8472149452864,435.5011215274768,461.31874813212926,10.530339652417291,7.889794844051884,15.65880379607056,1149538.0,0.17,-1.1,0.0421565516876523,0.0012665428950382,0.0739393254382319,0.34,0.162,-1.14,0.04215403985692584,0.162,-1.14,0.04215403985692584,1062
6,107.2819742478466,104.3172664764436,110.3876410452064,10.589933367133083,8.557734639668816,13.71780521523767,4251250.0,0.22,-1.0,0.0236604536101603,0.000658638529926,0.0581787326998605,0.41,0.228,-0.97,0.021304151515127434,0.228,-0.97,0.021304151515127434,4151
7,23.563499987013888,22.718359560125865,24.468354220278464,18.38757785188397,12.287278458950874,29.259174481250984,17005000.0,0.28,-1.0,0.0185749443494304,0.000329329071013,0.0645622123757102,0.6,0.27,-1.03,0.013764357510432312,0.27,-1.03,0.013764357510432312,9340
8,5.003841156583901,4.767092732483064,5.268274193818782,36.42039154944765,18.09440004186869,73.73345762024323,68020000.0,0.43,-1.0,0.0124702158003652,0.0001646669863926,0.065002306435416,1.57,0.42,-1.01,0.01165614370284479,0.42,-1.01,0.01165614370284479,14010
9,0.9259197770065432,0.8622323254052588,1.0168245287635735,103.43257167463028,23.13915969176765,238.26036545976643,272080000.0,1.23,-1.0,0.016603462174967,8.233410583957582e-05,0.121876766720542,6.1,1.229,-1.0,0.0165857006105411,1.229,-1.0,0.0165857006105411,7003
