layer,obs_var,var_lower,var_upper,obs_kurt,kurt_lower,kurt_upper,total_samples,initial_r,initial_eta,kstest_stat_initial,kstest_stat_cutoff_0.05
2,18678.61009540066,17966.073885968824,19422.0809094604,4.316036542628275,3.3173898683697214,5.573077285799902,27208.0,0.21,0.0,0.020902304100965108,0.008227320119627842
3,5005.06364996813,4855.965345748273,5158.679695823394,11.797886323503205,9.04423708210281,15.566046551977903,108832.0,0.09,-1.3,0.1324399999999999,0.004115201248105526
4,1581.178009970149,1537.6271808260765,1624.3946540411584,9.157593274899822,7.79471084423734,11.019768892401329,333298.0,0.18,-0.9,0.07706999999999992,0.0023519198649528247
5,447.8472149452864,435.5011215274768,461.31874813212926,10.530339652417291,7.889794844051884,15.65880379607056,1149538.0,0.17,-1.1,0.04215655168765231,0.0012665428950382307
6,107.2819742478466,104.3172664764436,110.3876410452064,10.589933367133083,8.557734639668816,13.71780521523767,4251250.0,0.22,-1.0,0.02366045361016037,0.000658638529926002
7,23.563499987013888,22.718359560125865,24.468354220278464,18.38757785188397,12.287278458950874,29.259174481250984,17005000.0,0.28,-1.0,0.01857494434943041,0.00032932907101302186
8,5.003841156583901,4.767092732483064,5.268274193818782,36.42039154944765,18.09440004186869,73.73345762024323,68020000.0,0.43,-1.0,0.012470215800365267,0.00016466698639267335
9,0.9259197770065432,0.8622323254052588,1.0168245287635735,103.43257167463028,23.13915969176765,238.26036545976643,272080000.0,1.23,-1.0,0.016603462174967,8.233410583957582e-05
