layer,total_samples,initial_r,initial_eta,kstest_stat_initial,best_r,best_eta,kstest_stat_best,n_pval_0.05
2,27208.0,0.21,0.0,0.0209023041009651,0.205,-0.1,0.01950552569645858,5101
3,108832.0,0.09,-1.3,0.1324399999999999,0.086,-1.37,0.13243999999999984,106
4,333298.0,0.18,-0.9,0.0770699999999999,0.171,-0.92,0.07706999999999992,306
5,1149538.0,0.17,-1.1,0.0421565516876523,0.162,-1.14,0.04215403985692584,1062
6,4251250.0,0.22,-1.0,0.0236604536101603,0.228,-0.97,0.021304151515127434,4151
7,17005000.0,0.28,-1.0,0.0185749443494304,0.27,-1.03,0.013764357510432312,9340
8,68020000.0,0.43,-1.0,0.0124702158003652,0.42,-1.01,0.01165614370284479,14010
9,272080000.0,1.23,-1.0,0.016603462174967,1.229,-1.0,0.0165857006105411,7003
