layer,obs_var,var_lower,var_upper,obs_kurt,kurt_lower,kurt_upper,total_samples
2,803.4738915767241,751.3789238252615,857.0285276556816,0.09499581519958378,-0.09731168230637549,0.29975353670818666,3180.0
3,275.2701919978752,264.5901666603167,286.2886897086788,0.3744034782467729,0.21922134844491953,0.5460580400983893,12720.0
4,80.84772778375272,77.04618631586663,84.70615414988869,1.357251043392206,1.030758918825306,1.8553569137488406,50880.0
5,19.88230515098137,18.762781343385896,21.056149855624362,3.074957053632871,2.2306568974969956,5.079245246997636,203520.0
6,4.187364553076183,3.884993289445004,4.5871605926200925,7.592764224378456,3.861297385909153,29.02865885632808,814080.0
7,0.8192845024504771,0.7473533768499553,0.9160540329754049,13.123555022135871,6.05041073157494,48.18221392473739,3256320.0
8,0.13674383409430532,0.11743147061248492,0.2117462508126412,172.66156824758897,8.088639881912263,756.9424737418955,13025280.0
