layer,obs_var,var_lower,var_upper,obs_kurt,kurt_lower,kurt_upper,total_samples,initial_r,initial_eta,kstest_stat_initial,kstest_stat_cutoff_0.05
2,803.4738915767241,751.3789238252615,857.0285276556816,0.0949958151995837,-0.0973116823063754,0.2997535367081866,3180.0,0.42,5.7,0.018068950267416513,0.024030335482930112
3,275.2701919978752,264.5901666603167,286.2886897086788,0.3744034782467729,0.2192213484449195,0.5460580400983893,12720.0,0.51,7.3,0.0046148019531871975,0.01202851450611388
4,80.84772778375272,77.04618631586663,84.70615414988869,1.357251043392206,1.030758918825306,1.8553569137488408,50880.0,0.44,1.4,0.006270361506107991,0.006017563498360196
5,19.88230515098137,18.762781343385896,21.05614985562436,3.074957053632871,2.230656897496996,5.079245246997636,203520.0,0.47,0.2,0.005235820056570528,0.0030096044936828606
6,4.187364553076183,3.884993289445004,4.5871605926200925,7.592764224378456,3.861297385909153,29.02865885632808,814080.0,0.51,-0.6,0.004349237335685097,0.0015050074551751034
7,0.8192845024504771,0.7473533768499553,0.9160540329754048,13.123555022135871,6.05041073157494,48.18221392473739,3256320.0,0.97,-0.9,0.010412784288713839,0.0007525549699048645
8,0.1367438340943053,0.1174314706124849,0.2117462508126412,172.66156824758897,8.088639881912263,756.9424737418955,13025280.0,1.44,-1.2,0.0515196286692787,0.0003762902880576396
