layer,obs_var,var_lower,var_upper,obs_kurt,kurt_lower,kurt_upper,total_samples
2,1830.9346,1652.195,2023.8088,2.9339561,1.8478553,4.1212215,3180.0
3,587.78186,555.88837,620.7192,2.6045012,2.0274906,3.2701561,12720.0
4,164.60674,155.12589,174.57585,3.2788167,2.6221573,4.09968,50880.0
5,37.86353,35.37024,40.45933,4.7892566,3.8419974,5.933931,203520.0
6,7.493805,6.944519,8.080799,6.7401295,5.2644424,8.88058,814080.0
7,1.3869972,1.2714089,1.5111809,9.084314,6.997161,12.576781,3256320.0
8,0.21588294,0.1959941,0.23805548,12.285479,8.535074,23.485111,13025280.0
