layer,obs_var,var_lower,var_upper,obs_kurt,kurt_lower,kurt_upper,total_samples,initial_r,initial_eta,kstest_stat_initial,kstest_stat_cutoff_0.05,kstest_stat_eta0,best_r_eta0
2,810.0156341109262,722.7800001798522,944.02090212452,0.2243052698111727,-0.0722224509768891,0.5082122685864869,3180.0,0.42,5.7,0.017911910388903537,0.024030335482930112,0.05983930125974701,0.26
3,276.5251808032055,263.4965992216695,290.41333132167824,0.5049429662004075,0.0969917695208987,0.9919777421181332,12720.0,0.49,6.1,0.004712733875152864,0.01202851450611388,0.03765354003966631,0.29
4,80.89561082901001,71.8264210462979,93.52558760154857,1.3781634998590064,0.7311672533643621,1.961200154006196,50880.0,0.44,1.4,0.006248366306395359,0.006017563498360196,0.023274093492959454,0.34
5,19.97742737711713,18.664123958789567,22.404247380482055,3.8596155047984695,2.008420168635784,18.430965680637826,203520.0,,,,,0.005640698057917157,0.44
6,4.188646836750349,3.58207892153657,4.856590006121921,6.315409172119846,3.1283472183840244,16.344960790848447,814080.0,,,,,0.02058716322684484,0.74
7,0.8392263233532827,0.6843471765402305,1.226666323791944,25.67687101084431,4.217216153504301,96.93596007345728,3256320.0,,,,,0.0823626238950268,6.1
8,0.162160958418858,0.1117757614392255,0.4634563462022406,471.4105812150575,6.058232335355998,475.4182255288841,13025280.0,,,,,0.2273434787782433,6.0
