layer,obs_var,var_lower,var_upper,obs_kurt,kurt_lower,kurt_upper,total_samples,initial_r,initial_eta,kstest_stat_initial,kstest_stat_cutoff_0.05,kstest_stat_eta0,best_r_eta0
2,803.4738915767241,751.3789238252615,857.0285276556816,0.0949958151995837,-0.0973116823063754,0.2997535367081866,3180.0,0.42,5.7,0.0180689502674165,0.0240303354829301,0.06034641215612235,0.26
3,275.2701919978752,264.5901666603167,286.2886897086788,0.3744034782467729,0.2192213484449195,0.5460580400983893,12720.0,0.51,7.3,0.0046148019531871,0.0120285145061138,0.037011646856798586,0.29
4,80.84772778375272,77.04618631586663,84.70615414988869,1.357251043392206,1.030758918825306,1.8553569137488408,50880.0,0.44,1.4,0.0062703615061079,0.0060175634983601,0.023319086778893786,0.34
5,19.88230515098137,18.762781343385896,21.05614985562436,3.074957053632871,2.230656897496996,5.079245246997636,203520.0,0.47,0.2,0.0052358200565705,0.0030096044936828,0.005653069291134974,0.44
6,4.187364553076183,3.884993289445004,4.5871605926200925,7.592764224378456,3.861297385909153,29.02865885632808,814080.0,0.51,-0.6,0.004349237335685,0.0015050074551751,0.02050706412905423,0.74
7,0.8192845024504771,0.7473533768499553,0.9160540329754048,13.123555022135871,6.05041073157494,48.18221392473739,3256320.0,0.97,-0.9,0.0104127842887138,0.0007525549699048,0.08228362809827738,6.1
8,0.1367438340943053,0.1174314706124849,0.2117462508126412,172.66156824758897,8.088639881912263,756.9424737418955,13025280.0,1.44,-1.2,0.0515196286692787,0.0003762902880576,0.22735127920427997,6.0
