layer,obs_var,var_lower,var_upper,obs_kurt,kurt_lower,kurt_upper,total_samples,initial_r,initial_eta,kstest_stat_initial,kstest_stat_cutoff_0.05
2,49.33966206247149,0.0,0.0,0.0410010991863227,,,3180.0,0.02,-1.1,0.5,0.024030335482930112
3,37.28323929000935,0.0,0.0,2.8183115715142746,,,12720.0,0.02,-1.1,0.5,0.01202851450611388
4,12.20539405185604,0.0,0.0,0.0229341298026168,,,50880.0,0.02,-1.1,0.5,0.006017563498360196
5,40.44329918557714,0.0,0.0,1.3928043123029958,,,203520.0,0.02,-1.1,0.5,0.0030096044936828606
6,7.764684110780427,0.0,0.0,-0.4377215894327135,,,814080.0,0.02,-1.1,0.5,0.0015050074551751034
7,10.020254766141653,0.0,0.0,3.4282018358927697,,,3256320.0,0.02,-1.1,0.5,0.0007525549699048645
8,19.38372611113241,0.0,0.0,4.8747515966575286,,,13025280.0,0.02,-1.1,0.5000000000000001,0.0003762902880576396
