layer,total_samples,initial_r,initial_eta,kstest_stat_initial,best_r,best_eta,kstest_stat_best,n_pval_0.05
2,3180.0,0.42,5.7,0.0180689502674165,0.42,5.679,0.017519866326516365,6034
3,12720.0,0.51,7.3,0.0046148019531871,0.5089,7.211,0.004221089215717844,108666
4,50880.0,0.44,1.4,0.0062703615061079,0.4354,1.3,0.005286301716882269,64395
5,203520.0,0.47,0.2,0.0052358200565705,0.4591,0.10991,0.003592408525127433,144888
6,814080.0,0.51,-0.6,0.004349237335685,0.51779,-0.57791,0.003537784678162348,152640
7,3256320.0,0.97,-0.9,0.0104127842887138,0.97379,-0.9,0.01024815815633262,18109
8,13025280.0,1.44,-1.2,0.0515196286692787,1.4509,-1.2159,0.045043288981819474,894
