layer,total_samples,initial_r,initial_eta,kstest_stat_initial,best_r,best_eta,kstest_stat_best,n_pval_0.05
2,3180.0,0.42,5.7,0.0180689502674165,0.42,5.68,0.017541839654943915,6034
3,12720.0,0.51,7.3,0.0046148019531871,0.509,7.22,0.004263272672758722,96592
4,50880.0,0.44,1.4,0.0062703615061079,0.436,1.31,0.00531526560055795,64395
5,203520.0,0.47,0.2,0.0052358200565705,0.462,0.13,0.003906056663921298,122248
6,814080.0,0.51,-0.6,0.004349237335685,0.52,-0.58,0.003109999999999058,193185
7,3256320.0,0.97,-0.9,0.0104127842887138,0.91,-0.92,0.008432433497601588,25440
8,13025280.0,1.44,-1.2,0.0515196286692787,0.7,-1.26,0.03554324514215251,1507
