layer,obs_var,var_lower,var_upper,obs_kurt,kurt_lower,kurt_upper,total_samples
2,17099.889,16406.3961328125,17788.96572265625,4.485044214042976,3.396246500265243,5.924756773572504,27208.0
3,4439.3,4308.276179199219,4577.157507324218,11.245151650894654,8.622312134598676,14.488305433065033,108832.0
4,1375.08,1337.6403814697267,1414.9285107421874,9.946785951172942,8.102579086001336,12.841204367294527,333298.0
5,383.26047,370.5800860595703,397.22241531372066,15.705747160958246,9.172204354809532,27.391761102713065,1149538.0
6,87.51157,84.75722759246827,90.59829029083252,14.39382275740638,9.844557725832173,21.75382522233128,4251250.0
7,18.372211,17.63635585784912,19.223026800155637,26.509922055880462,12.767423036308928,54.195093613946575,17005000.0
8,3.8332431,3.6317963325977325,4.082098736762999,50.95968234369494,18.29051507244186,106.52938175564795,68020000.0
9,0.72233033,0.6539262959361076,0.8352566742897031,243.18805992140057,24.078178824947415,559.6523861210251,272080000.0
