layer,obs_var,var_lower,var_upper,obs_kurt,kurt_lower,kurt_upper,total_samples,initial_r,initial_eta,kstest_stat_initial,kstest_stat_cutoff_0.05
2,17099.889,16406.3961328125,17788.96572265625,4.485044214042976,3.396246500265243,5.924756773572504,27208.0,0.21,0.0,0.024839391012612677,0.008227320119627842
3,4439.3,4308.276179199219,4577.157507324218,11.245151650894654,8.622312134598676,14.488305433065031,108832.0,0.09,-1.3,0.13191999999999987,0.004115201248105526
4,1375.08,1337.640381469727,1414.9285107421874,9.946785951172942,8.102579086001336,12.841204367294528,333298.0,0.13,-1.2,0.07505,0.0023519198649528247
5,383.26047,370.5800860595703,397.2224153137207,15.705747160958246,9.172204354809532,27.391761102713065,1149538.0,0.2,-1.0,0.03983705200786536,0.0012665428950382307
6,87.51157,84.75722759246827,90.59829029083252,14.39382275740638,9.844557725832171,21.75382522233128,4251250.0,0.25,-0.9,0.02928340090360393,0.000658638529926002
7,18.372211,17.63635585784912,19.22302680015564,26.509922055880462,12.767423036308928,54.195093613946575,17005000.0,0.29,-1.0,0.01948952275947291,0.00032932907101302186
8,3.8332431,3.631796332597733,4.082098736762999,50.95968234369494,18.29051507244186,106.52938175564796,68020000.0,0.46,-1.0,0.014589924062755055,0.00016466698639267335
9,0.72233033,0.6539262959361076,0.8352566742897031,243.18805992140057,24.07817882494741,559.6523861210251,272080000.0,10.0,-1.1,0.028335405636047528,8.233410583957582e-05
