layer,total_samples,initial_r,initial_eta,kstest_stat_initial,best_r,best_eta,kstest_stat_best,n_pval_0.05
2,27208.0,0.21,0.0,0.0248393910126126,0.208,-0.08,0.02167961163691301,3825
3,108832.0,0.09,-1.3,0.1319199999999998,0.087,-1.37,0.13191999999999982,106
4,333298.0,0.13,-1.2,0.07505,0.126,-1.23,0.0750499999999999,325
5,1149538.0,0.2,-1.0,0.0398370520078653,0.192,-1.04,0.039835632655620734,1122
6,4251250.0,0.25,-0.9,0.0292834009036039,0.24,-0.95,0.022743656650760613,3501
7,17005000.0,0.29,-1.0,0.0194895227594729,0.28,-1.03,0.014094055060368593,9340
8,68020000.0,0.46,-1.0,0.014589924062755,0.455,-1.01,0.011964620066127085,12454
9,272080000.0,10.0,-1.1,0.0283354056360475,9.9999,-1.08,0.023452742952533412,3501
