layer,obs_var,var_lower,var_upper,obs_kurt,kurt_lower,kurt_upper,total_samples
2,17165.852,16488.44521484375,17847.676806640626,4.017384689597342,3.1162858020534534,5.181984131493475,27208.0
3,4524.57,4389.919519042969,4668.648500976562,11.562075677221774,8.780507610206996,15.263297815547679,108832.0
4,1373.4995,1337.20921875,1411.2042218017575,9.261634168012447,7.796116411187856,11.177311546862363,333298.0
5,373.9722,363.160255279541,384.99220214843746,10.399796216198755,7.7443565419797435,15.153512460290404,1149538.0
6,90.55869,87.97025382995605,93.37066242218017,11.086197582103532,8.39326054033911,15.483006672025429,4251250.0
7,20.864292,20.13236427307129,21.656595315933227,18.333369636555272,11.867615870723622,29.35160876990464,17005000.0
8,4.537877,4.343648850917816,4.747077422142029,28.597765759668516,17.03324800286267,47.50207647657469,68020000.0
9,0.850108,0.7934992268681527,0.9333761680126187,97.79494190759313,21.79965085769581,222.87802340797435,272080000.0
