layer,obs_var,var_lower,var_upper,obs_kurt,kurt_lower,kurt_upper,total_samples,initial_r,initial_eta,kstest_stat_initial,kstest_stat_cutoff_0.05
2,181300.62,101526.978984375,290784.25375000056,377.2585812884295,142.297880056219,530.9305094800983,9000.0,0.21,0.2,0.015217634242659206,0.014296961166644029
3,38789.977,21575.42372070313,67721.48511718756,543.3321480835497,122.40276990926482,1044.4826632362417,36000.0,0.23,0.0,0.010671633407206782,0.007153161548533642
4,9777.212,4939.198439941406,17949.988955078144,703.3798218580005,122.03848054200064,1327.723891883142,144000.0,0.26,-0.1,0.011999750816890312,0.003577744605964338
5,1796.3158,838.1020260620118,4289.247299804692,1421.5090791720856,90.01246905050054,3420.725658054149,576000.0,0.29,-0.3,0.010057969323395755,0.001789162458327746
6,385.11697,175.5240390777588,1132.752702636719,2320.6239478074667,86.75271970321333,4403.351937028806,2304000.0,0.34,-0.3,0.006756937611345326,0.0008946536675937644
7,101.06582,41.3393522644043,424.4450341796877,4759.82557788621,66.99057598328737,6336.491846628677,9216000.0,0.41,-0.3,0.00551219178105844,0.00044734493084683295
8,34.40266,17.916045846939088,89.42377151489266,1601.383351498536,74.52969510517121,3574.4281285567927,36864000.0,0.45,-0.5,0.006900288385631503,0.00022367698811616015
9,9.889628,5.271114230155946,25.13907466888428,1503.4479535247838,80.922001627378,3413.6395835180224,147456000.0,0.59,-0.7,0.010546985631828432,0.00011183962453501836
10,1.4365472,0.7126555716991425,4.498755490779881,2683.974667864052,76.52347082330873,4568.202991532322,589824000.0,49.0,-1.1,0.027481093066232698,5.5920094864633584e-05
