band,obs_var,var_lower,var_upper,obs_kurt,kurt_lower,kurt_upper,total_samples
2,188702370.0,176118378.16,201069189.35999998,5.769590850637412,4.121051425706336,7.790541084341179,47614.0
5,69923600.0,65372815.74,76541947.27999999,8.911054504209602,5.7758568209999614,14.529322146873966,102030.0
8,20197050.0,18244491.42,22217986.13,10.60368928381128,6.055283947005931,24.442584052016322,326496.0
11,5333559.0,4935071.3475,5784606.672499999,9.182022083467132,6.247433279033015,18.925930167513393,904666.0
14,1659426.8,1515865.88375,1813105.5424999997,10.649115914015274,6.1870155890433045,24.304514007706054,2727602.0
17,407804.0,370001.093125,494605.0506249999,34.724664826286364,6.602345670156017,220.11759369470633,8298440.0
20,68779.05,58673.2310546875,125629.00992187492,315.7858806386263,7.200459882590049,1288.6394905290704,25140192.0
23,16060.07,14675.080961914062,18973.639921874998,39.69077820460998,4.562351066600101,364.20653362850544,65734528.0
