band,obs_var,var_lower,var_upper,obs_kurt,kurt_lower,kurt_upper,total_samples
2,188702370.0,182617675.52,194951902.07999998,5.769590850637412,4.866097355425465,6.792126674308851,47614.0
5,69923600.0,68054161.32,71842503.95999998,8.911054504209602,7.558330595395492,10.575382985591498,102030.0
8,20197050.0,19628340.85,20805737.249999996,10.60368928381128,7.9452385925906,15.522001094489962,326496.0
11,5333559.0,5193813.045,5478256.129999999,9.182022083467132,7.5079972743374235,11.4383845462192,904666.0
14,1659426.8,1612947.58375,1708810.0474999999,10.649115914015274,7.7420170768268575,15.256872174076104,2727602.0
17,407804.0,390546.4290625,431939.78921875,34.724664826286364,9.06517934175183,95.04978609541726,8298440.0
20,68779.05,62251.62486328125,81270.05589843748,315.7858806386263,9.981532505820576,819.4386401992487,25140192.0
23,16060.07,15409.8797265625,17093.326210937495,39.69077820460998,5.678057355723203,119.66832443401843,65734528.0
