layer,obs_var,var_lower,var_upper,obs_kurt,kurt_lower,kurt_upper,total_samples
2,150199.61,85008.8241015625,248364.73226562503,411.5677951392131,85.16688173659271,581.2458808658308,9000.0
3,33515.562,19958.825878906253,52689.47925781252,366.28333212776346,101.3256882945015,561.9845351332649,36000.0
4,8690.716,4650.655151367188,15441.937553710946,584.8112664729454,124.44871841461742,1337.4536480303877,144000.0
5,1600.9619,772.0531372070312,3722.834313964844,1309.7212192827967,95.40087028120554,3193.442929011412,576000.0
6,339.5192,152.12308631896974,1059.8396838378908,2687.2102970591677,93.11147517748192,4763.505439129027,2304000.0
7,87.08632,35.83677265167236,371.80540954589856,4823.475991334614,72.40095823916295,6356.322824380565,9216000.0
8,29.88356,15.5505739736557,79.51206024169934,1685.915860833637,80.56413155117374,3720.926795475689,36864000.0
9,8.940126,4.773327629566193,23.294833459854136,1591.253638684454,83.6089029584524,3578.031731475811,147456000.0
10,1.3539953,0.6872689667344094,4.314198565483097,2561.7037195340654,78.23043405082971,4657.250794550947,589824000.0
