layer,obs_var,var_lower,var_upper,obs_kurt,kurt_lower,kurt_upper,total_samples,initial_r,initial_eta,kstest_stat_initial,kstest_stat_cutoff_0.05
2,inf,,,,,,9000.0,0.22,0.4,0.017333422113812114,0.014296961166644029
3,inf,,,,,,36000.0,0.22,-0.2,0.015532850727218772,0.007153161548533642
4,inf,,,,,,144000.0,0.27,0.0,0.014405842237882221,0.003577744605964338
5,inf,,,,,,576000.0,0.31,-0.1,0.012397015756020924,0.001789162458327746
6,inf,,,,,,2304000.0,0.36,-0.2,0.007673613165570248,0.0008946536675937644
7,inf,,,,,,9216000.0,0.44,-0.2,0.006623283024402626,0.00044734493084683295
8,inf,,,,,,36864000.0,0.48,-0.4,0.006930535200296184,0.00022367698811616015
9,inf,4.7734375,,,,,147456000.0,0.6,-0.7,0.0085326152759716,0.00011183962453501836
10,inf,0.68701171875,4.31640625,inf,,,589824000.0,10.0,-1.1,0.02932068774570551,5.5920094864633584e-05
