layer,obs_var,var_lower,var_upper,obs_kurt,kurt_lower,kurt_upper,total_samples
2,179850.6633188669,104860.60258390589,313803.09777321003,501.38203055802154,36.68115776909746,756.9423809087922,9000.0
3,48278.00458385656,29689.330645834736,75753.01742185012,352.4905488674084,90.2647909687676,561.8883690126444,36000.0
4,13505.89840498018,6427.192128519484,29259.093412657458,1066.3427546160233,112.37999223477472,2700.45921783193,144000.0
5,3324.956134645921,1098.1461108097628,15512.152577834926,6607.1751582440575,86.60464954790152,7123.889070381528,576000.0
6,902.7374838122457,217.9587390699942,6909.072731143793,18939.147804863424,76.74327879920527,8727.643775722978,2304000.0
7,249.8887868993452,58.95574567942735,1795.4226410210715,19071.879951377738,51.215464685274426,8606.341394292107,9216000.0
8,57.43217883256502,22.249527376592102,277.40747095695076,8527.045747119844,61.02367388516839,6916.660564033902,36864000.0
9,14.41228242037841,5.902646487024241,62.396598437573104,6442.510618430864,77.11660544083873,6425.334046257936,147456000.0
10,2.1628763347946833,0.8114847619531236,9.683872386997976,7078.996215645323,80.46081350989233,6695.153257214179,589824000.0
