band,obs_var,var_lower,var_upper,obs_kurt,kurt_lower,kurt_upper,total_samples,initial_r,initial_eta,kstest_stat_initial,kstest_stat_cutoff_0.05
2,236431730.0,228632727.92,244312516.64,6.120174864383072,5.240750162499547,7.251410118254485,47614.0,0.16,1.7,0.014936778245417726,0.0062204080553092435
5,98143970.0,95340430.84,101038435.6,10.624524317014195,9.132227482356065,12.351582632227007,102030.0,0.16,1.2,0.014357828040265086,0.004250109478285763
8,28320434.0,27510000.76,29149866.86,10.694184322221012,8.717075552886126,13.625494777499368,326496.0,0.16,0.7,0.01144183248923103,0.002376287493954915
11,6876102.5,6692597.4525,7064958.217499999,9.706751489925386,8.207422369351809,11.70096399152742,904666.0,0.18,1.1,0.012381273113894586,0.0014276807376072355
14,1975496.8,1918594.059375,2037137.581875,11.606632885470384,8.405230986241165,16.83706114920016,2727602.0,0.18,0.6,0.010657532744411724,0.0008222587962986603
17,485698.53,464547.80421875,516438.0796875,39.5836608094066,9.85105364703173,112.117836674575,8298440.0,0.2,0.8,0.009280683077761864,0.00047142713729943133
20,79569.28,73806.0459765625,89593.81269531243,156.66399702423192,10.663837298119825,434.9232446866884,25140192.0,0.22,0.7,0.005606228441364547,0.0002708547073073513
23,19246.125,18486.53328125,20397.26533203124,34.890352245514066,6.525433087144585,102.49310564285264,65734528.0,0.25,1.0,0.004461036855306744,0.00016750507336682816
