layer,obs_var,var_lower,var_upper,obs_kurt,kurt_lower,kurt_upper,total_samples
2,20586.12,19743.03005859375,21437.69455078125,4.57900766576012,3.5326210314214874,5.910701376159756,27208.0
3,5586.0425,5417.664475097657,5765.3545825195315,12.162527180106238,9.413559818484408,15.79808708387007,108832.0
4,1803.6252,1755.6172760009765,1853.7972369384763,9.509400286478577,8.01974650228599,11.794444895347864,333298.0
5,518.5317,503.76475402832034,533.565198059082,10.222363268045935,8.00693657191927,14.123384320384417,1149538.0
6,123.44841,119.93307651519775,127.2008389663696,10.630472342501744,8.700919505140028,13.620479659452869,4251250.0
7,26.474886,25.543393545150757,27.486593704223633,18.56466728499405,12.586222642972581,29.57734152297072,17005000.0
8,5.566022,5.285992050170899,5.909213078022003,45.434103208294495,18.767397813886937,96.19518924575783,68020000.0
9,1.0218027,0.9509475576877594,1.1259163135290147,105.14797042607083,24.34099010308848,239.32755679518513,272080000.0
