layer,obs_var,var_lower,var_upper,obs_kurt,kurt_lower,kurt_upper,total_samples
2,259579.56,131240.28390625,470261.26843750005,604.8224684741983,174.28471698753742,1037.5639950154116,9000.0
3,152081.16,33518.096328125,403340.9414062503,2549.765036169302,223.88391888894603,4695.330717116702,36000.0
4,78858.97,6885.883830566407,461394.2248437506,14657.448386527652,293.7829963947764,9168.676141946411,144000.0
5,12176.862,1068.3210992431643,90190.50324218858,21677.273778693783,231.10868231171844,9445.87376469597,576000.0
6,3260.6511,201.63094329833987,25645.814599609377,27216.90215694249,199.16268680303122,9588.528159160502,2304000.0
7,654.38367,45.513900547027596,5677.879033203126,29052.20301282469,151.45434124969898,9582.096471859835,9216000.0
8,140.63544,17.713533678054812,1120.7060247802738,24279.326649689257,130.93667013464253,9242.21998761295,36864000.0
9,35.480026,5.213047516345978,327.25522445678786,26908.976291935596,112.38790673730786,9273.162569712822,147456000.0
10,4.1873384,0.7409520256519317,29.790484914779753,18533.224555281762,103.13641318986616,8832.016134339727,589824000.0
